acronym,term
PIM,Process Improvement Methodology
SRI,SDMX-RI
UN/LOCODE,"5 character code where the first two characters are the ISO 3166 country codes while the remaining three are derived from Recommendation 16 from the UNECE in Geneva, together with Eurostat supplied codes for ports not yet included in the UN system"
PANORAMA,"A Eurostat reference database - includes profiles and analysis of over 25 major industrial sectors, the current market forces affecting them, environmental and regulatory considerations and trends for the future"
AAP,Absolute agricultural prices
ACC,Acceding Countries
ABAC,Accrual-based Accounting System
ABB,Activity Based Budgetting
ABM,Activity Based Management
ADMIN,Administrative data sources (part of the ESS Vision 2020 portfolio)
AD,Administrator (Commission function level)
AES,Adult Education Survey
ARES,Advanced REcords System (electronic document management system)
AHC,"Advisor ""hors classe"""
Palop,African Countries of Portuguese Official Language
ACP,"African, Caribbean and Pacific Group of States"
AEI,Agri-environmental indicator
AAU,Agricultural area in use
AGRIS,Agricultural Information System
ALI,Agricultural Labour Input
API,Agricultural price indices
AEA,Air Emissions Accounts
ANSI/IEEE,American National Standards Institute/Institute of Electrical and Electronics Engineers
CLASET,"An EDI message - for the exchange of classification structures and definition, correspondence tables, codelists and lifecycle"
Medstat,An EU regional programme for co-operation between Euro-Mediterranean statistical institutes
SPLUNK,"An IT tool which makes machine data accessible across an organization and identifies data patterns, provides metrics, diagnoses problems and provides intelligence for business operation. Software to support system monitoring(http://www.splunk.com/)"
CAN,Andean Community
AAR,Annual Activity Report 
AMP,Annual Management Plan
APS,Annual Policy Strategy
ASWP,Annual statistical work programme
AWP,Annual Work Programme
AWU,Annual work unit
ALM,Application Lifecycle Management
ASSIST,Application used for handling user requests
ALA,Asia and Latin America
ADMS,Asset Description Metadata Schema
AST,Assistant (Commission function level)
CSB,Assistants at Directorate level working mainly on finance issues(Contacts sectoriels budg_taires)
ASSOC,Associated Service
Asean,Association of Southeast Asian Nations
ABS,Australian Bureau of Statistics
AOD,Authorising Officer by Delegation
AOSD,Authorising Officer by Sub-Delegation
BOP,Balance Of Payments
BIS,Bank of International Settlements
BLEU,Belgo-Luxembourg Economic Union
BIGD,Big data (part of the ESS Vision 2020 portfolio)
BIG data,Big data sets
BASIS,Briefings And Speeches Information System
BEC,Broad Economic Categories
BB,Building Block
BEPA ,Bureau of European Policy Advisers
BARG,Business Architecture Reflection Group
BCM,Business Capability Model
BC,Business Continuity
BCP,Business Continuity Plan
BCC,Business Cycle Clock
BCC2,Business Cycle Clock v. 2
BES,Business enterprise sector
BPM,Business Process Model(ling)
BPMN,Business Process Modelling Notation
BRIS,Business Registers Interconnection System
SERT,Business Statistics and Telematic Networks (Statistique d'Entreprises et R_seaux T_l_matiques)
BSDG,Business Statistics Directors Group
BSDG-SDG,Business Statistics Directors Group  Strategic Development Group
BUS,"Business-driven projects (examples: ADMIN, ICT, CDVP, etc.)"
CAB,Cabinet
CFT,Call for Tender
CC,Candidate Country
CDR,Career Development Review
Caricom,Caribbean Community and Common Market
CSIS,Center for Strategic and International Studies
CBS,Centraal Bureau voor de Statistiek(Statistical office ofThe Netherlands)
CB,Central Bank
CET,Central European Time
CGB,Central Government Budget
CPC,Central Product Classification
CSO,Central Statistics Office (Statistical office of Ireland)
CoE,Centre of Excellence (collaborative network to support implementation in the ESS)
CENEX,Centres of Excellence
CAB,Change Advisory Board
CIO,Chief Information Officer
PROCOME,Classification and Coding of the Purposes of Final Consumption of Households
CLUSTERS,Classification for Land Use Statistics: Eurostat Remote Sensing
CBNE,Classification of Branches of the National Economy (COMECON)
CCIO,Classification of Commodities by Industrial Origin
COICOP,Classification of Individual Consumption by Purpose
COICOP/HICP,Classification of Individual Consumption by Purpose Adapted to the Needs of Harmonized Indices of Consumer Prices
COICOP/HBS,Classification of Individual Consumption by Purpose Adapted to the Needs of Household Budget Surveys
KIS,Classification of knowledge intensive services
COPP,Classification of outlays of producers by purpose
COFOG,Classification of the Functions of Government
COPNI,Classification of the purposes of non-profit institutions
CEI,Classification of Trade in Invisibles
CC,Classification of types of Constructions
CoP,Code of Practice
JOINUP,"Collaborative platform created by the European Commission in order to offer a new set of services to help e-Government professionals share their experience with interoperability solutions and support them to find, choose, re-use, develop, and implement open source software and semantic interoperability assets (http://joinup.ec.europa.eu/)"
CN,Combined Nomenclature
CN8,Combined Nomenclature (at eight digit level)
DIME-ITDG steering group,Combined steering group ofDirectors of MethodologyandInformation technologies Directors
COTS,Commercial off-the-shelf products
CP,Commercial Paper
IPSIS,Commission corporate integration platform
CAFS,Commission's Anti-Fraud Strategy
COMET,Committee for Metadata
CMFB,"Committee for Monetary, Financial and Balance of Payments Statistics"
CCSA,Committee for the Co-ordination of Statistical Activities(United Nations)
CSTAT,Committee on Statistics
CSTE,Commodity Classification for Statistics of Transport in Europe
CAP,Common Agricultural Policy
CAPSIM,Common Agricultural Policy Simulation Model
CAF,Common Assessment Framework
CCN/CSI,Common Communication Network & Common System Interface (network alternative like sTesta)
CCT,Common Customs Tariff
CDVP,Common Data Validation Policy
VALIDATION,Common data validation policy (part of the ESS Vision 2020 portfolio)
Comesa,Common Market for Eastern and Southern Africa
COBIT,Common Objectives for Business Information Technology
CORA,COmmon Reference Architecture
CRA,Common Reference Architecture
CORE,Common Reference Environment
CSPA,Common Statistical Production Architecture
CoSSI,Common Structure of Statistical Information
CIS,Commonwealth of Independent States
CIRCA,Communication and Information Resource Centre Administrator (an Internet based groupware tool)
CIRCABC,"Communication and Information Resource Centre for Administrations, Businesses and Citizens (https://circabc.europa.eu/faces/jsp/extension/wai/navigation/container.jsp)"
CIS,Community Innovation Survey
CESAR,Community of European Semantic Asset Repositories
CARE,Community road accident database
EU-SILC,Community statistics on income and living conditions
CSF,Community Support Framework
CAN,Competent National Administration
CNA,Competent National Authority
eCOLLECT,Component of Edamis
CAPI/CASI/CATI,Computer Aided Personal/Self/Telephone Interviewing
CISnet,Computer application for Interservice consultations
MIPS,Computer application for the management of missions
CODED,Concepts and Definitions Database
Censushub,"Conceptually new system to achieve the dissemination of the 2011 census data. It is based on the concept of data sharing, where a group of partners agree on providing access to their data according to standard processes, formats and technologies"
CES,Conference of European Statisticians
CMDB,Configuration Management DataBase
CPI,Consumer Price Index
COG,Content Oriented Guidelines (SDMX)
CONVAL,Content Validation
CVT,Continuing Vocational Training
CVTS,Continuing Vocational Training Survey
CITES,Convention on International Trade in Endangered Species of Wild Fauna and Flora
CLRTAP,"Convention on Long-Range, Transboundary Air Pollution"
"CG1, CG2, etc","Coordination Group (CG1 ""New Vision for European Statistics"", CG2 ""GDP and Beyond "", CG3 ""Spatial Dimension in Statistics"", CG 4 ""EU KLEMS"", CG5 ""Coordination of Quality Work"", CG6 ""Principal European Economic Indicators (PEEIs) including the EFC Status Report"", CG7 ""Single Market Monitoring"")"
CGST,Coordination Group for Statistics on Transport
CoRD,Coordination of Raw Data Collection
CPO,Corporate Project Office
COLI,Cost of Living Index
CIF,"Cost, insurance, freight"
CR LCS,Council Regulation on Labour Cost Structure
LCS-R,Council Regulation on Labour Cost Structure
CR STS,Council Regulation on Short Term Statistics
STS-R,Council Regulation on Short Term Statistics
CR SBR,Council Regulation on Statistical Business Registers
SBR-R,Council Regulation on Statistical Business Registers
CRSU,Council Regulation on Statistical Units
CR SBS,Council Regulation on Structural Business Statistics
SBS-R,Council Regulation on Structural Business Statistics
CARP,Countries and Regions Profiles
CPA,Country Profile Application
CRC,"Cross-cutting projects(examples: ESDEN, SERV, etc.)"
CLSD,Current lifestyle deprivation index
CRM,Customer Relationship Management
CCC,Customs Cooperation Council
CCCN,Customs Cooperation Council Nomenclature
CVD-MH,CVD Metadata Handler
CVDSC,CVD Steering Committee
CVD,"Cycle de Vie des Donn_es (Data Life Cycle) (French abbreviation for ""Data Life Cycle"": strategic project which aims to rationalise the statistical production chain in Eurostat from data collection to dissemination)"
DCS,Data Checking Service
DCRO,Data Collection Responsible Officer
DDI,Data Documentation Initiative
EDIT,DataEDITing Validation Tool(Software developed by Eurostat for data editing)
DE,Data Explorer
DIF,Data in focus
DLPS,Data Leakage Prevention System
DLBB,Data Loader Building Block
DPC,Data Protection Coordinator
DQAF,Data Quality Assessment Framework (IMF)
DatQAM,Data Quality Assessment Methods and Tools
DSD,Data Structure Definition
DTC,Data Transmission Courier
DW,Data Warehouse
DWH,Data Warehouse
DWS,Data warehouse system
DWB,Data without Boundaries
EDIFLOW,"Database describing dataflows received by Eurostat, the senders and the receivers of the data"
DISC,Database for International Statistical Cooperation
DRS,Debtor Reporting System
ADB15,December 2015 away day of Eurostat's Directorate B (Methodology; corporate statistical and IT services)
DARA,Decentralised and remote access to confidential data in the ESS
DS,Dedicated Section
DOR,Demande d'Organisation de R_union / request for organising a meeting
DOSME,Demography of Small and Medium Enterprises
DBB,Derivation building block
DTA,Desktop Administrator
DAC,Development Assistance Committee of the OECD
DESAP,Development of a Self-Assessment Programme
DOSIS,Development Of Statistical Information Systems
DA,Differentiated Appropriations
DTS,"DIGIT Training Service (DIGIT = Directorate-General ""Informatics"")"
DIGICOM,"Digital communication, User analytics and Innovative products (part of the ESS Vision 2020 portfolio)"
DESI,Digital Economy and Society Index
DOI,Digital Object Identifier(www.doi.org)
DSF,Digital Stakeholder Forum (fromer CTI = Comit_ Technique Informatique)
DMC,Direct material consumption
DG,Director Generalor Directorate General
DMES,Director Group for Macroeconomic Statistics
AGRI,"Directorate-General ""Agriculture and Rural Development"""
EAS,"Directorate-General ""Agriculture and Rural Development"""
BUDG,"Directorate-General ""Budget"""
COMM,"Directorate-General ""Communication"""
COMP,"Directorate-General ""Competition"""
DEVCO,"Directorate-General ""Development and Cooperation - EuropeAid"""
DEV,"Directorate-General ""Development"""
ECFIN,"Directorate-General ""Economic and Financial Affairs"""
EAC,"Directorate-General ""Education and Culture"""
EMPL,"Directorate-General ""Employment, Social Affairs and Equal Opportunities"""
TREN,"Directorate-General ""Energy and Transport"" "
ELARG,"Directorate-General ""Enlargement"""
ENTR,"Directorate-General ""Enterprise and Industry"""
ENV,"Directorate-General ""Environment"""
RELEX,"Directorate-General ""External relations"""
SANCO,"Directorate-General ""Health and Consumer Protection"""
HR,"Directorate-General ""Human Resources and Security"""
ECHO,"Directorate-General ""Humanitarian Aid"""
INFSO,"Directorate-General ""Information Society and Media"""
MARKT,"Directorate-General ""Internal Market and Services"""
SCIC ,"Directorate-General ""Interpretation"""
JLS,"Directorate-General ""Justice, Freedom and Security"""
MARE,"Directorate-General ""Maritime Affairs and Fisheries"""
REGIO,"Directorate-General ""Regional Policy"""
RTD,"Directorate-General ""Research"""
TAXUD,"Directorate-General ""Taxation and Customs Union"""
TRADE,"Directorate-General ""Trade"" "
DGT,"Directorate-General ""Translation"""
DIGIT,Directorate-General for Informatics
DGINS,Directors General of the National Statistical Institutes
DGSI,Directors Group on System Integration
BIF,Directors meeting on financial matters
SAM,Directors meeting on staff and administrative matters
DIMES,Directors of macroeconomic statistics
DIME,Directors of MethodologyGroup
DIMESA,Directors of sectoral and environmental statistics and accounts
DSS,Directors of Social Statistics
DGAS,Directors' Group on Agricultural Statistics
DM,Directors' meeting (has an advisory function to the Director General; it is a forum for discussion on the basis of which the Director General takes decisions)
DRP,Disaster Recovery Plan
CODIF,Dissemination Committee (Comit_ de diffusion)
DSWS,Dissemination Web Service
DWG,Dissemination Working Group
CAD,"Document Management Centre (from French ""Centre d'administration desdocuments)"
DMO,Document Management Officer
DOUCEUR,DOcument Utiles et Commun ˆ EURostat
DMA,Domain Manager
EMAS,Eco-Management and Audit Scheme
EAA,Economic Accounts for Agriculture
EFC,Economic and Financial Committee
Cemac,Economic and Monetary Community of Central Africa
EMU,Economic and Monetary Union
UNESCAP,Economic and Social Commission for Asia and the Pacific (UNESCAP or ESCAP)
ESC,Economic and Social Committee
ESDS,Economic and Social Data Service
Afristat,Economic and Statistical Observatory of Sub-Saharan Africa
ECE,Economic Commission for Europe - of the United Nations
UNECE,Economic Commission for Europe of the United Nations
Ecowas,Economic Community Of West African States
EIBB,Economic Indices Building Block
ESI,Economic Sentiment Indicator
EVUG,eDAMISandValidation ServicesUserGroup
eVE,eDAMIS Validation Engine
eWA,eDAMIS Web Access
eWF,eDAMIS Web Forms
eWP,eDAMIS Web Portal
SDMX-EDI,EDIFACT format for exchange of SDMX-structured data and metadata
EBB,Editing building block
e-DOMEC,ElectronicArchiving andDocument Managementin the European Commission
EDI,Electronic Data Interchange
EDIFACT,"Electronic Data Interchange For Administration, Commerce and Transport"
EDICOM,Electronic Data Interchange on COMmerce
eDAMIS,Electronic Dataflow Administration and Management Information System
EDMS,Electronic Document Management System
PLANe,Electronic Planification and Monitoring System (the letters which make up the acronym have no meaning as such)
eTF,Electronic Task Force
EDC,Enhanced Dissemination Chain
ESAF,Enhanced Structural Adjustment Facility
EA,Enterprise Architecture
EACT,Enterprise Architecture Core Team
EA ECT,Enterprise Architecture Extended Core Team
EARF,Enterprise Architecture Reference Framework
ES,Enterprise Surveys
EGSS,Environmental Goods and Services Sector
EPIS,Environmental Pressure Information System
EPE,Environmental Protection Expenditure
EO,Equal Opportunities
EHQR,ESS Handbook for Quality Reports
ESQR,ESS Standard for Quality Reports
ESQRS,ESS Standard for Quality Reports Structure
Cards,EU Assistance Programme for Reconstruction Development and Stabilisation in the Western Balkans
EU-KLEMS,"EU level analysis of capital (K), labour (L), energy (E), materials (M) and service (S) inputs on a detailed activity level: statistical and analytical research project to analyse productivity and growth across Europe"
KLEMS or EU-KLEMS,"EU level analysis of capital (K), labour (L), energy (E), materials (M) and service (S) inputs on a detailed activity level: statistical and analytical research project to analyse productivity and growth across Europe"
NACE,EU statistical classification of economic activities - breakdown of ISIC
Tacis,EU technical assistance programme for the Commonwealth of the independent states and the beneficiary countries hereof
EEC,Eurasian Economic Commission
EUR,Euro
MEDTOUR,Euro-Mediterranean co-operation in tourism statistics
ESMS,Euro-SDMX Metadata Structure
ESMS INV,Euro-SDMX Metadata Structure for Inventories
ESMS IP,Euro-SDMX Metadata Structure Indicator Profile
EGR,EuroGroups Register
AIDCO,EuropeAid
EAS,European Administrative School
EUROIND,European and national short term indicators
OLAF,European Anti-Fraud Office
EBR,European Business Register
EBS,European BusinessStatistics
ECB,European Central Bank
ECB/SD,European Central Bank / Statistics Division
CERN,European centre for nuclear research
EC,European Commission
ECAS,European Commission Authentication Service
ECIDES,EuropeanCommissionCorporateInformation andDataExchangeSystem
CEN,European Committee for Standardisation
ECHP,European Community Household Panel (replaced by SILC)
ECSC,European Community of Steel and Coal
PRODCOM,European Comunity Industry Production (statistics of industrial production)
ECA,European Court of Auditors
ECU,European Currency Unit - Replaced by the Euro
EDAF,European Data Access Forum
EEA,European Economic Area
EEAICP,European Economic Area Index of Consumer Prices
EEC,European Economic Community
EEA,European Environment Agency
EEEA,European Environmental Economic Accounts
EEAS,European External Action Service
EFSA,European Food Safety Authority
EFICS,European Forestry Information and Communication System
EFGS,European Forum for Geography and Statistics
EFQM,European Foundation for Quality Management
EFTA,European Free Trade Association
EFSI,European Fund for Strategic Investments
EICP,European Index of Consumer Prices
SIRE,European infra-regional information system (Système dÕinformations infrar_gionales europ_en)
EIMS,European Innovation Monitoring System
EIGE,European Institute for Gender Equality
EIPA,European Institute of Public Administration
EIF,European Interoperability Framework
EIS,European Interoperability Strategy
EIB,European Investment Bank
EMOS,European Master in Official Statistics
EMI,European Monetary Institute
ENP,European Neighbourhood Policy
EODS,European Occupational Diseases Statistics
EP,European Parliament
EPC,European Patent Convention (=Munich Convention)
EPO,European Patent Office
EPSO,European Personnel Selection Office
EPROS,European Plan for Research in Official Statistics
EPSC,European Political Strategy Centre
EPSS,European Programme of Social Surveys
EPSAS,European Public Sector Accounting System
ERDF,European Regional Development Fund
ERIS,European Regional Innovation Survey
ERA,European Research Area
EUREKA,European Research Co-ordination Agency
ESOD,European schedule of occupational diseases
EUSA,European School of Administration
ESU,European size unit
ESeC,European Socio-economic Classification
ESAC,European Statistical Advisory Committee
ESDEN,European Statistical Data Exchange Network (part of the ESS Vision 2020 portfolio)
ESF,European Statistical Forum
ESGAB,European Statistical Governance Advisory Board
ESS-PMS,European Statistical Syste Process Metadata Structure
ESS,European Statistical System
ESSNets,European Statistical Systemcollaboration networks (projects carried out by a team of institutions aiming at developing results which can be used by the whole ESS community)
ESSC,European Statistical System Committee
ESS-DISC,European Statistical SystemDISsemination and Communication strategy
ESS EA,European Statistical System Enterprise Architecture
ESS EARF,European Statistical System Enterprise Architecture Reference Framework
ESS-MH,European Statistical System Metadata Handler
ESS.VIP,European Statistical System Vision Implementation Programme
ESTP,European Statistical Training System
ESAW,European Statistics on Accidents at Work 
ESEA,European Strategy for Environmental Accounts
ESHSI,European Survey on Health and Social Integration
ESA,European System of Accounts
ESA95,European System of Accounts (Version 1995)
ESCB,European System of Central Banks
ESBRs,European System of Interoperable Statistical Business Registers(part of the ESS Vision 2020 portfolio)
ESSPROS,European system of intregrated social protection statistics
EU,European Union
ESS-SGF,European version of the Statistical Geospatial Framework (SGF)
ESTAT,Eurostat
ESC,"Eurostat ""Safe Centre"""
REGIO,Eurostat database of regional statistics
EDP,Eurostat Dissemination Processes
EDPIM,Eurostat Dissemination Processes - Impact Manager (ex SIM = Service Impact Manager)
EISP,Eurostat Information Security Policy
LAB,Eurostat Laboratory for developments in cross-cutting statistical domains
EPMS,Eurostat Process Metadata Structure
EUROBASE,Eurostat reference database (has replaced NewCronos)
COMEXT,Eurostat reference database for external trade statistics production and dissemination
ESPAC,Eurostat Statistical Process Assessment Checklist
ESP,Eurostat Statistical Programme
CYBERNEWS,Eurostat's intranet network
EDP,Excessive Deficit Procedure
EIP,Excessive Imbalances Procedure
EoV,Exchange of Views
EMIS,Explanatory Metadata Information System
EFF,Extended fund facility
XBRL,eXtensible Business Reporting Language (a language for the electronic communication of business and financial data)
XML,eXtensible Markup Language
ESS-CVD,Extension of the CVD (Cycle de Vie des Donn_es - Data Life Cycle) concept to the ESS
DESIS,"External service provision for DEvelopment, Studies and support for Information Systems (DIGIT Framework contracts: a contractual way of satisfying the needs for information systems development, maintenance, studies and support)"
XT-NET,External Trade Network
FGP,Factoryless Goods Producers
EVA,Family of end-user interfaces operating on NewCronos data for advanced or occasional users
FADN,Farm Accountancy Data Network
FSS,Farm Structure Survey
FENSTATS,Federation of European National Statistical Societies
FIPREP,Financial Initiation of Payments REPorting
FISIM,Financial intermediation services indirectly measured
FD,Financing Decision
FIDES,Financing Decision System
FIFO,First-in-first-out
FPFIS,Flexible Platform for Internet Services
FAO,Food and Agriculture Organisation of the United Nations
FSC,Food supply chain
FAME,Forecasting Analytical Modelling Environment (Statistical production system specialised in processing time series)
FATS,Foreign Affiliates Statistics
FDI,Foreign direct investment
FRAME,Framework for Resource Allocation Management in Eurostat 
FDES,Framework for the Development of Environment Statistics 
FRIBS,Framework Regulation Integrating Business Statistics
FRIC,Framework Regulation Integrating Classifications
FRIM,"Framework Regulation Integrating processes, standards and metadata"
FRIS,Framework Regulation Integrating Social Statistics
FOB,Free on board
FROOP,Frequent out-of-pocket purchases
FROCH,FRiends Of the CHair group
FTE,Full Time Equivalent
FMB,Functional Mail Box
GDDS,General Data Dissemination System (IMF)
NACE/CLIO,General Industrial Classification of Economic Activities in the European Communities - version used for the input-output tables (European System of Accounts 1979)
GESMES,GEneral Statistical MESsage
GUF,General university funds
GCOMX,Generic COMEXT
GPS,"Generic Production System, based on MDT"
GSAST,"Generic SAS Tool, a generic system for treating micro-data and operations of micro and macro-data from surveys"
GSBPM,Generic Statistical Business Process Model
GSIM,Generic Statistical Information Model
GIS,Geographical Information System
GISCO,Geographical Information System of the Commission
GBI,Gestionnaire des biens inventori_s
GRM,Global Registry Manager
GSS,Global Statistical System (GSS)
GSG,Global Strategic Goal
GOVIS,GOVernance for Information Systems (IT tool for the maintenance of the inventory of IS systems)
GBAORD,Government budget appropriations or outlays on research and development
GFS,Government Finance Statistics
GOV,Government sector
GUI,Graphical User Interface
GHG ,Greenhouse gas
GERD,Gross domestic expenditure on R&D
GERDR,Gross Domestic Expenditure on R&D in a given year at the regional level
GDP,Gross Domestic Product
GFCF,Gross fixed capital formation
GIC,Gross inland (energy) consumption
GNI,Gross National Income
GNP,Gross National Product
GVA,Gross value added
Toblerone units,Group of Heads of Unit in Eurostat with special horizontal responsibilities
GLC,Group of Local Coordinators
GTFOR,Group of REFOI from all DGs in the Commission (REFOI = Responsible for Informatics Training)
GPO,Group Policies Object
GA,Guided Access
HOS,Hardware and Operating Systems
HETUS,Harmonised European Time Use Survey
HICP,Harmonised Indices of Consumer Prices
HICP-AP,Harmonised Indices of Consumer Prices - Administered Prices
HS,Harmonized Commodity Description and Coding System
HICP-CT,Harmonized Indices of Consumer Prices at Constant Taxes
HoS,Head of Section
HoU,Head of Unit
CUDD,Heads of Unit of Directorate D (Chefs d'unit_ de la Direction D)
HIPCs,Heavily Indebted Poor Countries
HPS,Hermes Preservation Services
HRS,Hermes Repository Services
HAN,"HERMES, ARES, NOMCOM"
HLCIT,High Level Committee on IT (Information Technologies) (highest IT body in the Commission)
HPC,High Performance Computing
HLG-MOS,"High-Level Group ""Modernisation of Statistical Production and Services"""
HLG-BAS,High-Level Group for Strategic Developments in Business Architecture in Statistics (replaced with HLG)
HLG,High-Level Group for the Modernisation of Statistical Production and Services (originally called HLG-BAS)
HES,Higher education sector
HAS,Historical Archives Service
HORECA,"Hotel and restaurant sector (HORECA is an acronym for Hotel, Restaurant, Caf_)"
HPI,House Price Indices
HBS,Household Budget Survey
HFCE,Household Final Consumption Expenditure
HFMCE,Household Final Monetary Consumption Expenditure
HR,Human resources
HRST,Human resources in Science and Technology
HRSTC,Human resources in Science and Technology Core
HRSTE,Human Resources in Science and Technology Education
HRSTN,Human resources in Science and Technology employed in a non S&T occupation
HRSTI,Human Resources in Science and Technology Inactive
HRSTO,Human resources in Science and Technology Occupation
HRSTU,Human Resources in Science and Technology Unemployed
HRSTW,Human resources in Science and Technology without third level education
IEA,Illegal Economic Activities
IPD,Implicit price deflator
IPPE,Index of purchasing power of the euro
IWWP,Industrial waste water plants
CTI,Informatics Technical Committee (CTI = Comit_ Technique Informatique) (replaced with DSF = Digital Stakeholder Forum)
ICT,Information and Communication Technologies
IM,Information Model
IMS,Information Models and Standards
IPG,Information Providers Guide
IS,Information System
SYSPER; SYSPER2,Information system considered to cover all needs concerning the treatment of information for the CommissionÕs management of Human Resources
IS4STAT,Information System for Statistics
ISPMB,Information System Project Management Board
IS4SP,Information Systems for Statistical Purposes
ISI,Information Systems Infrastructure
ISMP,Information Systems Management Policy
IT,Information Technologies
ITDG,Information TechnologiesDirectors Group
ITMP,Information TechnologiesMaster Plan
ITIL,Information Technology InfrastructureLibrary
INSPIRE,Infrastructure for Spatial Information in Europe
IDB,Injury Database (https://webgate.ec.europa.eu/sanco/heidi/index.php/IDB)
IWT,Inland waterways transport
Insee (F),Institut National de la Statistique et des ƒtudes ƒconomiques/ French National Institute for Statistics and Economic Studies
INE (E),Instituto Nacional de Estad’stica (Statistical office ofSpain)
INE (P),Instituto Nacional de Estat’stica(Statistical office ofPortugal)
IPA,Instrument for Pre-Accession Assistance
IACS,Integrated Administration and Control System
IEEAF,Integrated Environmental and Economic Accounting for Forestry
IESS,Integrated European Social Statistics
TARIC,Integrated Tariff of the European Communities
IPP,Intellectual Property Products
IPR,Intellectual Property Rights
IOP,Inter Operability
ISWG,Inter Secretariat Working Group
IAEG-SDG,Inter-Agency and Expert Group on Sustainable Development Goal Indicators
IAG,Inter-Agency Group on Economic and Financial Statistics
ISC,Inter-Service Consultation
IPM,Interactive Policy Making (two Internet-based instruments which enable Commission to collect feedback directly from citizens)
IPT,Interactive Profiling Tool
IDA,Interchange of Data between Administrations
RIDER,Interdisciplinary Research on Regional Development
ISG,Interinstitutional Style Guide
ITU,Intermodal transport unit
IAC,Internal Audit Capacity
IAS,Internal Audit Service
ICS,Internal Control Standards
ICSA,Internal Control Standards Assessment
IAS,International Accounting Standards
IASB,International Accounting Standards Board
IASC,International Accounting Standards Committee
IATA,International Air Transport Association
IAOS,International Association for Official Statistics
IASS,International Association for Statistical Computing
IBSFC,International Baltic Sea Fishery Commission
ICAO,International Civil Aviation Organisation
ICD,International Classification of Diseases and Related Health Problems
ICST (94),"International Classification of Ships by Type, Revised 1994"
ICES,International Council for the Exploration of the Sea
IDA,International Development Association
IEA,International Energy Agency
IFFIM,International Finance Facility for Immunisation
IFRS,International Financial Reporting Standard
IFRS 2 Share-based Payment,International Financial Reporting Standard 2 Share-based Payment
IIP ,International investment position
ILO,International Labour Organization
IMF,International Monetary Fund
ISO,International Organization for Standardization
IPC,International Patent Classification
IPSAS,International Public Sector Accounting Standards
ISIN,International Security Identification Number
ICGS,International standard Classification of all Goods and Services
ISCED,International Standard Classification of Education
ISCO,International Standard Classification of Occupations
ISCO-88,International Standard Classification of Occupations
ICSE,International standard Classification of Status in Employment
ISIC,International Standard Industrial Classification
ISI,International Statistical Institute
ITS,International Trade in Services
ITS,International Trade Statistics
ITRS,International transaction reporting system
UNIPEDE,"International Union of Producers and Distributors of Electrical Energy (in 2002 merged with Eurelectric, and is now European Grouping of Electricity Undertakings, EEIG)"
IPCIS,Interoperability Platform for Corporate Information Systems
ISA,Interoperability Solutions for European Public Administrations (http://ec.europa.eu/isa/)
IDABC,"Interoperable Delivery of European eGovernment Services to public Administrations, Businesses and Citizens (a Community programme managed by the European Commission's Directorate General for Informatics)"
IM,Intramuros
Istat (I),Istituto Nazionale di Statistica/Italian National Institute of Statistics
ITAC,IT Advisory Committee
IT AGE,IT Architecture Group of Experts
NOAH,IT communication tool built for the specific needs of Business Continuity Management (BCM) in the Commission
ITIC,IT Infrastructure Consolidation
IRM,IT Resource Manager (IT = Information technology)
JSON ,JavaScript Object Notation (data-interchange format)
JMO,Jean Monnet Building
JAMIE,Joint Action on Monitoring Injuries in Europe 
JFSQ,Joint Forest Sector Questionnaire
JIS,Joint Initiative on Standardisation
JOSGAP,Joint Overall Statistical Greek Action Plan
JRC ,Joint Research Centre
JSIS ,Joint Sickness Insurance Scheme
JSG ,Joint Steering Group
KI,Key Initiative
KPI,Key Performance Indicator
KAU,Kind-of-activity-unit
LCI,Labour cost index
LFS,Labour Force Survey
LMP,Labour Market Policy
LAMAS,Labour Market Statistics Working Group
LUCAS,Land Use and Cover by Area frame Sampling
LUZ,Larger Urban Zones (Urban Audit)
LIFO,Last-in-first-out
LEG,Leadership Expert Group
LDF,Learning & Development Framework
SJ,Legal Service
LAS,Legislative Advancement Sheet
LLL,Life Long Learning
LDAP,Lightweight Directory Access Protocol
LOD,Linked Open Data
LSU,Livestock Unit
LOMAT,LOan MAnagement Tool
LAU,Local administrative units
RELOP,Local Career Guidance Officer
LC,Local Coordinator 
LISO,Local Informatics Security Officer
Local KAU,Local kind-of-activity unit
LRA,Local Registration Authority
LSO,Local Security Officer
LSA,Local System Administration
Local UHP,Local unit of homogeneous production
LIM,Logical Implementation Model
LIBOR,London Interbank Offered Rate
LTAA,Long term annual average
LTP,Lunchtime presentation
MIP,Macroeconomic Imbalance Procedure
MPP,Main (public) power producer
MIGs,Main Industrial Groupings
MSIS,Management of statistical information systems
MATIS,Management of time Series
Move,Management of vision at Eurostat / European Statistical System
MESH,Manual for statistics on energy consumption in households
MGDD,Manual of Government Deficit and Debt
MSITS,Manual on Statistics of International Trade in Services
MTC,Maritime Transport Commodity Classification
MAPS,Marrakech Action Plan for Statistics
MOOCs,Massive Open Online Courses
MFA,Material Flow Accounts
MIT,Matrix/mobility for IT
MEP,Member of European Parliament
MS,Member State
MoU,Memorandum of Understanding
MCV,Metadata Common Vocabulary
MH,Metadata Handler
MSD,Metadata Structure Definition
MWG,Metadata Working Group
METAC,Methodology Advisory Committee
MAP,Methodology Architecture and Portfolio Management Working Group
eLink,Middelware building block of IDABC services
MIMAC,Middle Management Committee
MMM,Middle Management Mobility
MDG,Millennium Development Goal
MBE,Model based estimation
MEETS,Modernisation of European Enterprise and Trade Statistics
MCS,Modernization Committee on Standards
MFI,Monetary financial institution
MUICP,Monetary Union Index of Consumer Prices
MAP,Multi-Annual Programming
MBP,Multi-Beneficiary Programme
MFD,Multi-Functional-Devices
MNE,Multinational Enterprise
MYRA,Multiyear Rescheduling Agreement
MSW,Municipal solid waste
NAPS,National Account Production System
NAMEA,National Accounting Matrix including Environmental Accounts
NA,National Accounts
NA/BOP,National Accounts/ Balance of Payments
NAPS-S,National Accounts Production System - Services
NAMA,National Accounts quarterly and annual Main Aggregates
NCB,National Central Bank
CNRS,National centre for scientific research (France)
NEPT,National Experts in Professional Training
NMCA,National Mapping and Cadastral Authorities
NMR,National Methodological Report
NNAs,National Numbering Agencies
NPO,National Patent Office
NRME,National Reference Metadata Editor
NSI,National Statistical Institute
NSS,National statistical system
NSDS,National Strategy for the Development of Statistics
NUACs,National Urban Audit Coordinators (Urban Audit)
NDP,Net Domestic Product
NPV,Net Present Value of Debt
NG,Network Group
NIS,New Independent States (former Soviet Union republics)
NTTS,New Techniques and Technologies for Statistics
NQG,NewCronos Query Generator
NOAP,Next Office Automation Platform
NOMCOM,Nomenclature Commun - classification of master files
NOSE,Nomenclature for Sources of Emissions
NABS,Nomenclature for the Analysis and Comparison of Science Programmes and Budgets
GEONOM,Nomenclature of countries and territories for the External Trade Statistics of the Community and Statistics of Trade between Member States
NIMEXE,Nomenclature of Goods for the External Trade Statistics of the Community and Statistics of Trade between Member States
NORIS,Nomenclature Of Research In Statistics
NUTS,Nomenclature of Territorial Units for Statistics
NDA,Non-Differentiated Appropriations
NGO,Non-governmental organisation
NPIs,Non-profit institution
NPISHs,Non-profit institutions serving households
Nafta,North American Free Trade Association
NAICS,North American Industry Classification System
NEAFC,North East Atlantic Fisheries Commission
NEC (n.e.c.),Not elsewhere classified
NSA,Not Seasonally Adjusted
OADM,Office Automation and Document Management
PMO,Office for Administration and Payment of Individual Entitlements
OIB,Office for Infrastructures and Logistics in Brussels
OIL,Office for Infrastructures and Logistics in Luxembourg
OST,Office for Science and Technology
ONS,Office of National Statistics (UK)
ODA,Official Development Assistance
OBT,Online Booking Tool
OSOR,Open Source Observatory and Repository project for European public administrations 
OSS,Open Source Software
OS,Operating System
OECD,Organisation for Economic Cooperation and Development
…STAT,…sterreichisches Statistisches Zentralamt
ONA,Other Statistical Authority
ODBB,Outlier Detection Building Block
OOH,Owner Occupied Housing (Harmonised Indices of Consumer Prices)
sTESTA,Pan-European communication platform; network alternatives like CCN/CSI (see this entry)
PEGSCO,Pan-European eGovernment Services Committee (takes the decisions on IDABC projects)
PQ,Parliamentary Question
PARIS21,Partnership in Statistics for Development in the 21st Century
PCT,Patent Co-operation Treaty
PMO,Pay Master's Office
PIM,Perpetual Inventory Method
PDA,Personal digital assistant
PIM,Physical Implementation Model
PMR,"Planning, Monitoring, Reporting"
PoC,Points of Contact
CROSPortal,Portal on Collaboration in Research and Methodology for Official Statistics
PCC,Potential Candidate Country
PRGF,Poverty Reduction and Growth Facility
PV/X,Present Value of Debt-to-Exports Ratio
PLI,Price level index
PrinCESSe,PrinCESSe - DIGIT framework contract for printers replacement
PEEI,Principal European Economic Indicators
PGI,Principal Global Indicators
PNP,Private non-profit sector
SECEM,Procedure for encrypting or digitally sign e-mails for exchanging sensitive information
PNC,Procedure for negotiation with candidates (Budgetary term)
PPI,Producer price indices
PPId,Producer price indices of the domestic market
PPIx,Producer price indices on the export market
PFM,Product Family Management
HMP,Programme of Community action on health monitoring
EUROFARM,Project for standardisation of methods for obtaining agricultural statistics
PLC,Project Life Cycle
PMM or PM_,Project Management Methodology
PMO,Project Management Office
PPM,Project portfolio management
PST,Project Support Team
PSI,Provider of Statistical Information
PDB,Provisional Draft Budget
PTM,Proximity Times and Means
PIAP,Public Internet Access Point
PPPs,Public-private partnerships
OP,Publications Office
PPP,Purchasing Power Parity
PPS,Purchasing Power Standard
QPI's,Quality and performance indicators
QAF,Quality Assurance Framework
Q-Conference,Quality Conference
QNA,Quarterly National Accounts
QTM,Quoted Time and Means (form to be used for specific contracts under a framework contract)
BERDR,R&D Expenditure in the Business Enterprise Sector in a given year at the regional level
GOVERD,R&D Expenditure in the Government Sector
GOVERDR,R&D Expenditure in the Government Sector in a given year at the regional level
HERD,R&D expenditure in the Higher Education Sector
HERDR,R&D expenditure in the Higher Education Sector in a given year at the regional level
PNPERD,R&D expenditure in the Private Non Profit Sector
PNPERDR,R&D expenditure in the Private Non Profit Sector in a given year at the regional level
RMC,Raw material consumption
REDESIGN,Re-design of Intrastat(ESS Vision 2020 portfolio)
REPROM,Re-engineering the production methods of EU statistics
RAMON,Reference Architecture for Metadata Online (Eurostat's Metadata Server)
RC,Reference Configuration
RE,Reference Environment
RME,Reference Metadata Editor
RMF,Reference Metadata File
RAA,Regional Agricultural Accounts
RDBMS,Relational Database Management System
RDS,Remote Desktop Services 
REMI,"Renewal of e-mail infrastructure (DIGIT project;in practical terms, extension of mailbox quota to 500 MB and few other improvements)"
RFC,Request For Change
R&D,Research and Development
ROS,Research in Official Statistics
RICA,R_seau d'Information Comptable Agricole (FADN = Farm Accountancy Data Network)
RPPIs,Residential Property Price Indices
RDF,Resource Description Framework
RDG,Resource Director's Group 
RE,Resource Efficiency
REFOI,Responsible for Informatics Training
RUE,Restreint UE documents
RBAC,Role-based access control
RR,Rolling Review
RDIS,Rural Development Information System 
S&T,Science and Technology
STRIDE,Science and Technology for Regional Innovation and Development in Europe
STI,"Science, Technology and Innovation"
STET,Scientific and Technical Education and Training
STA,Scientific and Technological Activities
STS,Scientific and Technological Services
SDMX-DDI,SDMX(Statistical Data and Metadata Exchange)+DDI (Data Documentation Initiative)
SDMX-JSON,SDMX(Statistical Data and Metadata Exchange)+JSON(JavaScript Object Notation)
SDMX-ML,SDMX(Statistical Data and Metadata Exchange)+XML(extensive mark-up language)
SDMX-NA,SDMX(Statistical Data and Metadata Exchange)in National Accounts
SDMX-IM,SDMX (Statistical Data and Metadata Exchange) Information Model
SDMX-SWG,SDMX (Statistical Data and Metadata Exchange)StatisticalWorkingGroup
SDMX-TWG,SDMX (Statistical Data and Metadata Exchange)TechnicalWorkingGroup
SDMX-WS,SDMX(Statistical Data and Metadata Exchange)Web Services
SDWS,SDMX Dissemination Web Service
SODI,"SDMX Open Data Interchange (an alignment project under SDMX, a proof of its concept of data sharing, within the European Statistical System)"
SA,Seasonal adjustment
SABB,Seasonal Adjustment Building Block
SASG,Seasonal adjustment steering group
SAUG,Seasonal adjustmentusergroup
SG,Secretariat-General
SICON,Secure Infrastructure for Confidential Data Access
GGIM,"See ""UN-GGIM"""
SI2,See SINCOM
IBRD,SeeInternational Bank for Reconstruction and Development
SEMIC,Semantic Interoperability Centre (SEMIC and OSOR merged into JOINUP in December 2011)
SIM,Service Impact Manager
SLA,Service Level Agreement
SMT,Service Management tool
SOA,Service Oriented Architecture
FP7,SeventhFramework Programme
SERV,Shared services (part of the ESS Vision 2020 portfolio)
SAB,Sharing Advisory Board
STPFS,Short Term Public Finance Statistics
STS,Short-Term Statistics
SHODI,Simple HOt Deck Imputation
SLIM,Simpler Legislation for the Internal Market - a European Council initiative
SLIM,Simpler Legislation in the Internal Market
SEP,Single Entry Point
SIMPLE,Single Integrated Management PLan for Eurostat
SIMS,Single Integrated Metadata Structure
SIMSTAT,Single Market Statistics(part of the ESS Vision 2020 portfolio)
SPOC,Single Point of Contact
FP6,Sixth Framework Programme
SME,Small and Medium-sized Enterprises
SAE,Small area estimation
SAM,Social accounting matrix
SDL,Software Development Lifecycle
Eurotrace,Software programme for external trade
ERETES,Software programme for national accounts
Mercosur,Southern Common Market (Mercado comœn del Sur)
SDDS,Special Data Dissemination Standard
SoQ,Sponsorship on Quality
SQ,Sponsorship on Quality
SoS,Sponsorship on Standardisation
SpS,Sponsorship on Standardization
SOS,Staff Opinion Survey
SCL,Standard Code Lists
SFTC,Standard Foreign Trade Classification (COMECON)
NST/R,"Standard Goods Classification for Transport Statistics, revised"
SGM,Standard gross margin
SITC REV.3,"Standard Industrial Trade Classification, third revision"
SICTA ,Standard International Classification of Tourism Activities
SO,Standard Output
CPSA,Standing Committee for Agricultural Statistics
CST,Statistical and Tariff Classification for International Trade
SBR,Statistical Business Register
SCB,Statistical Capacity Building
NACE 1970,"Statistical classification of economic activities in the European Community, 1970 version (NACE stands forNomenclature g_n_rale desactivit_s _conomiques dans lesCommunaut_seurop_ennes)"
NACE Rev. 1,"Statistical classification of economic activities in the European Community, Revision 1 (NACE stands forNomenclature g_n_rale desactivit_s _conomiques dans lesCommunaut_seurop_ennes)"
CPA,Statistical Classification of Products by Activity in the European Economic Community
SDMX,Statistical Data and Metadata Exchange
SDMX-RI,Statistical Data and Metadata Exchange - Reference Infrastructure
STADIUM,STAtistical Data Interchange Universal Monitor
SDC,Statistical Disclosure Control
DCBB,Statistical disclosure control building block
5YP,Statistical Five-year Programme
SGF,Statistical Geospatial Framework
SICS,Statistical Indicators Common Sites - e.g. Euro SICS
SISAI,Statistical Information Systems Architecture and Integration
METIS,Statistical Metadata (Eurostat/UNECE _ Metadata Work Session)
EUROSTAT,Statistical Office of the European Communities
SOEC,Statistical Office of the European Communities (Eurostat)
MDT,Statistical production system for multi-dimensional tables (MDT = Multi-dimensional tables)
EUROCUBE,"Statistical production system managing mulidimensional data, based on Oracle Olap (on line analytical processing)"
SAM,"Statistical production system managing multidimensional data, oriented more to simple domains (Statistical Administration and Management)"
SPC,Statistical Programme Committee
SRE,Statistical Regions of Europe
SRC,Statistical Requirements Compendium
STATEL,STAtistical TELetransmission
SVC,Statistical Value Chain
SWP,Statistical Work Programme
SIF,Statistics in Focus
EXTRASTAT,Statistics of Member States' trade in goods with non Member States
INTRASTAT,Statistics of Member States' trade in goods with other Member States
SILC,Statistics on Income and Living Conditions
STNE,Statistics Telematic Network and EDI
StBa (D),Statistisches Bundesamt (Statistical office of Germany)
SPP-ABM,Strategic Planning Process - Activity Based Management
SWOT,"Strengths, Weaknesses, Opportunities, Threats"
SAF,Structural Adjustment Facility
SBS,Structural Business Statistics
SI,Structural Indicators
STRUVAL,Structural Validation
SES,Structure of Earnings Survey
SCD,Sub-City Districts (Urban Audit)
SSA,Supported Self-Assessment
SAPM,Survey on Agricultural Production Methods
SDG,Sustainable Development Goals
SDI,Sustainable Development Indicators
SINCOM,System for follow up of financial transactions in the Commission
SYSLOG,System for follow up of training in the Commission
SEEA,System of Environmental-Economic Accounting (official name adopted by the UN Statistical Commission in 2012)
SNA,System of National Accounts (United Nations)
SNA 93,System of National Accounts from 1993(United Nations)
SO,System Owner
SS,System Supplier
SYSRES,SYStème de REServation online de salles de r_union (BECH et JMO)
TSV,tab separated values
TGM,"Table, Graphs and Maps; presentation tool in the dissemination database"
TDS,"Target Data Storage, generic database model"
TF,Task Force
ERDR TF,Task Force on Electronic Data Reporting 
TFIDC,Task Force on International Data Cooperation
TF PS,Task Force on Priority Setting
TAPAS,Technical Action Plans for Agricultural Statistics
TAB,Technical Advisory Board
TAIEX,Technical Assistance and Information Exchange Instrument
TCAB,Technical Consultancy Advisory Board
TIC,Technical Implementation Committee
TWG,Technical Working Group
TPP,Technological product & process
TBP,Technology Balance of Payments
TOR,Terms of Reference
Acquis communautaire,"The ""acquis"" refers to the body of existing EU legislation to be adopted by countries before they can become full members of the European Union. The statistical 'acquis' refers to EU legislation in the field of statistics, but is often interpreted as including also the agreed definitions, nomenclatures, methods and questionnaires for collecting data in other statistical fields not covered by legislation and usually referred to as data collected by Gentlemen's agreement"
CEIES,The European Advisory Committee on Statistical Information in the Economic and Social Spheres
NEWCRONOS,"The New Cronos reference database contains around 100 million statistical data covering every economic and social sector. The information normally covers all European Union Member States; in many cases it is also available for Japan, the United States of America and other Union trade partners."
TOGAF,The Open Group Architecture Framework
TUS,Time Use Survey
STATPUB,Tool for publication flow management
TCO,Total Cost of Ownership
TFC,Total final consumption
TQM,Total Quality Management
TSD,Total Survey Design
TSA,Tourism Satellite Accounts
COFO,Training Manager (Correspondant Formation)
TCO,Transmission COordinator
TEG,Transnational Enterprise Group
TRIS,TRansport Information System
TFEU,Treaty on the Functioning of the European Union
TMT,Tree Management Tool 
SafeGuard LAN Crypt,Ultimate data protection enabling secure team collaboration while protecting against internal threats
UOE,UNESCO-UIS / OECD / EUROSTAT 
PDU,Unit Development Plan (PDU = Plan de d_veloppement de l'unit_)
UHP,Unit of homogeneous production
UN,United Nations
UNICEF,United Nations Children's Fund
COMTRADE,United Nations Commodity Trade Statistics Database
UNCCS,United Nations Common Coding System
UNDP,United Nations Development Programme
UNECE CES,United Nations Economic Commission for Europe Conference of European Statisticians
UNESCO,"United Nations Educational, Scientific and Cultural Organisation"
UNFCCC,United Nations Framework Convention on Climate Change
UNGGIM,United Nations Global Geospatial Information Management
UNFPA,United Nations Population Fund
UN/SPSC,United Nations Standard Product and Service Classifications
UNSC,United Nations StatisticalCommission
UNSD,United Nations Statistics Division
USPTO,United States Patent and Trademark Office
UTC,User and Technical Committee
UGESA,User Group for ESS Statistical Applications (ESS = European Statistical System)
USS,User Satisfaction Survey
UAA,Utilized Agricultural Area
VTL,Validation and Transformation Language
VAT,Value added tax
VFAX,Virtual Fax 
VSS WINS,Virtual Statistical System
VIG,Vision Implementation Group
VIN,Vision Implementation Network (network of high-level contacts in national statistical institutes for all Vision related matters)
VIP,Vision Implementation Project
VIPEDC,Vision Implementation Project : Enhanced Dissemination Chain
VIP ICT,Vision Implementation Project : Information and Communication Technologies
VIP SICON,Vision Implementation Project :Secure Infrastructure for Confidential Data Exchange
VIP WINS,Vision Implementation Project : Web Infrastructure for Statistics
WACS,Web and Audio Conferencing service 
WINS,Web Infrastructure for Statistics
WAR,Weekly activity report
WAEMO,West African Economic and Monetary Union
WBS,Work Breakdown Structure (Project Management Methodology)
WG,Working Group
WGSIM,Working Group of Statistical Information Management
WGSC,Working Group on Statistical Confidentiality
WB,World Bank
CAESAR,World Conference on Agricultural and Environmental Statistical Applications
WCO,World Customs Organization (former CCC - Customs Cooperation Council)
WHO,World Health Organisation
WIPO,World Intellectual Property Organisation
WSC,World Statistics Congress
WTO,World Tourism Organisation
WTO,World Trade Organisation
X-DIS,XML for Data Interoperability in Statistics
YPSILON,Young Professional Statisticians Induction And Learning Offer